<?xml version="1.0" encoding="UTF-8"?>
<project-private xmlns="http://www.netbeans.org/ns/project-private/1">
    <editor-bookmarks xmlns="http://www.netbeans.org/ns/editor-bookmarks/2" lastBookmarkId="0"/>
    <open-files xmlns="http://www.netbeans.org/ns/projectui-open-files/2">
        <group>
            <file>file:/C:/Users/nidhi/Documents/NetBeansProjects/inter-xp/web/jsp/register.jsp</file>
            <file>file:/C:/Users/nidhi/Documents/NetBeansProjects/inter-xp/web/jsp/hr.jsp</file>
            <file>file:/C:/Users/nidhi/Documents/NetBeansProjects/inter-xp/web/login.html</file>
            <file>file:/C:/Users/nidhi/Documents/NetBeansProjects/inter-xp/web/jsp/admin.jsp</file>
            <file>file:/C:/Users/nidhi/Documents/NetBeansProjects/inter-xp/web/index.html</file>
            <file>file:/C:/Users/nidhi/Documents/NetBeansProjects/inter-xp/web/jsp/interviewee.jsp</file>
        </group>
    </open-files>
</project-private>
