<?xml version="1.0" encoding="UTF-8"?>
<project-private xmlns="http://www.netbeans.org/ns/project-private/1">
    <editor-bookmarks xmlns="http://www.netbeans.org/ns/editor-bookmarks/2" lastBookmarkId="0"/>
    <open-files xmlns="http://www.netbeans.org/ns/projectui-open-files/2">
        <group>
            <file>file:/C:/Users/nidhi/Documents/NetBeansProjects/inter-xp/web/companyJSP/Acc2.jsp</file>
            <file>file:/C:/Users/nidhi/Documents/NetBeansProjects/inter-xp/web/companyJSP/wip2.jsp</file>
            <file>file:/C:/Users/nidhi/Documents/NetBeansProjects/inter-xp/web/companyJSP/zoho2.jsp</file>
            <file>file:/C:/Users/nidhi/Documents/NetBeansProjects/inter-xp/web/companyJSP/tcs2.jsp</file>
            <file>file:/C:/Users/nidhi/Documents/NetBeansProjects/inter-xp/web/companyJSP/zoho1.jsp</file>
        </group>
    </open-files>
</project-private>
